node_id,timestamp,bandwidth_used_mbps,latency_ms,packet_loss_percent,cpu_utilization_percent,buffer_occupancy,jitter_ms,active_flows
h1a,1700000000,6.955,11.853,0.0439,33.74,39.25,3.252,15
h1b,1700000000,27.319,20.475,0.0,39.24,56.52,4.0,5
h1c,1700000000,4.741,7.745,0.016,18.99,26.17,1.784,22
h2,1700000000,48.733,75.656,0.1096,60.0,77.38,10.454,7
h3,1700000000,14.525,31.681,0.0857,31.55,39.77,4.834,31
h4,1700000000,10.52,13.218,0.0,29.82,39.1,2.156,9
leaf1,1700000000,69.407,0.1,0.0,41.32,53.76,1.094,74
leaf2,1700000000,21.474,0.1,0.0562,30.2,31.2,0.351,20
spine1,1700000000,59.741,0.1,0.0,36.75,44.55,0.1,62
spine2,1700000000,56.61,0.953,0.0276,30.33,39.19,0.197,54
h1a,1700000010,6.705,12.626,0.0152,33.38,33.1,3.286,17
h1b,1700000010,26.022,18.771,0.0043,42.55,56.92,4.049,8
h1c,1700000010,4.099,8.137,0.0089,14.07,31.84,1.881,24
h2,1700000010,55.625,74.29,0.0729,61.4,78.44,11.254,3
h3,1700000010,13.489,33.046,0.0537,27.98,37.69,4.971,28
h4,1700000010,13.978,12.992,0.0201,26.81,39.11,1.628,7
leaf1,1700000010,70.484,0.1,0.0,38.81,56.91,0.696,76
leaf2,1700000010,22.99,1.158,0.0434,27.23,32.96,0.196,20
spine1,1700000010,59.978,1.115,0.0442,33.32,44.52,0.329,61
spine2,1700000010,52.355,2.479,0.0,30.5,40.1,1.113,55
h1a,1700000020,8.135,11.423,0.1107,30.23,43.33,4.02,17
h1b,1700000020,24.785,21.195,0.0212,37.9,55.68,4.355,8
h1c,1700000020,4.93,7.828,0.0548,19.52,22.52,2.5,25
h2,1700000020,55.487,76.641,0.0814,57.3,79.14,10.981,2
h3,1700000020,17.027,34.837,0.0153,28.83,37.53,5.491,26
h4,1700000020,8.665,15.892,0.0128,25.75,39.66,2.589,7
leaf1,1700000020,71.487,2.547,0.0579,39.89,51.09,1.176,73
leaf2,1700000020,23.025,1.895,0.0504,25.42,31.64,0.867,25
spine1,1700000020,60.641,0.1,0.0489,34.57,48.62,1.31,62
spine2,1700000020,57.138,2.624,0.0,25.99,45.3,0.603,58
h1a,1700000030,11.986,15.008,0.0675,33.77,36.66,3.663,13
h1b,1700000030,23.94,23.082,0.0,41.61,59.4,4.641,10
h1c,1700000030,3.076,8.224,0.0448,17.33,25.46,2.111,23
h2,1700000030,55.234,77.723,0.0013,59.53,80.44,11.778,6
h3,1700000030,23.464,34.417,0.0798,28.77,37.22,6.226,26
h4,1700000030,13.724,14.663,0.0665,29.96,31.61,2.173,12
leaf1,1700000030,77.166,0.913,0.0,38.63,56.65,1.377,73
leaf2,1700000030,21.492,1.14,0.0,24.14,28.43,0.761,24
spine1,1700000030,64.6,0.715,0.0232,37.49,45.8,1.395,58
spine2,1700000030,56.53,1.824,0.0,33.63,40.63,0.68,58
h1a,1700000040,7.229,13.383,0.0269,32.55,46.05,3.685,13
h1b,1700000040,24.582,21.069,0.0153,42.3,60.09,4.739,5
h1c,1700000040,6.353,8.723,0.0201,19.16,27.37,1.477,23
h2,1700000040,56.812,76.385,0.1163,57.17,83.28,12.305,3
h3,1700000040,18.154,34.53,0.052,25.76,43.72,4.89,31
h4,1700000040,13.386,14.835,0.0295,24.84,37.81,2.024,8
leaf1,1700000040,70.509,0.1,0.0,39.94,55.95,0.922,78
leaf2,1700000040,22.573,2.558,0.0687,25.1,30.22,0.656,25
spine1,1700000040,59.229,1.69,0.0,33.05,50.71,1.39,60
spine2,1700000040,57.499,2.391,0.0,29.35,35.6,0.503,54
h1a,1700000050,11.053,12.741,0.066,32.04,44.6,3.718,16
h1b,1700000050,30.163,21.127,0.0224,38.96,56.41,3.866,5
h1c,1700000050,9.511,8.447,0.0,15.42,31.32,2.606,24
h2,1700000050,53.494,77.945,0.0626,59.2,82.55,11.7,5
h3,1700000050,16.451,32.474,0.0297,26.6,37.9,4.897,28
h4,1700000050,13.947,17.841,0.0,24.63,28.1,2.515,11
leaf1,1700000050,70.679,0.211,0.0,40.52,56.95,0.483,77
leaf2,1700000050,25.54,1.98,0.0332,26.68,31.59,0.256,24
spine1,1700000050,63.421,4.653,0.0,38.75,46.72,0.395,63
spine2,1700000050,57.727,3.103,0.0687,25.09,39.09,1.163,56
h1a,1700000060,10.602,11.882,0.0656,29.36,36.64,3.313,12
h1b,1700000060,25.261,22.295,0.0,36.55,50.93,3.247,8
h1c,1700000060,3.698,7.968,0.0,17.86,18.87,1.347,25
h2,1700000060,55.647,75.709,0.0909,53.22,78.96,11.683,5
h3,1700000060,17.369,34.025,0.084,28.96,37.58,4.848,30
h4,1700000060,14.278,16.045,0.0079,26.97,33.81,2.304,9
leaf1,1700000060,73.711,2.349,0.0,40.76,58.25,0.483,78
leaf2,1700000060,21.83,1.237,0.0,26.68,35.2,0.688,20
spine1,1700000060,58.56,2.445,0.007,33.54,48.63,0.445,63
spine2,1700000060,56.794,1.65,0.0279,29.46,37.65,0.873,54
h1a,1700000070,11.514,13.616,0.0838,35.51,44.45,2.868,16
h1b,1700000070,28.094,21.027,0.0,45.18,59.13,3.682,7
h1c,1700000070,6.368,9.993,0.0228,15.57,26.08,0.445,22
h2,1700000070,55.518,75.291,0.0899,57.18,82.38,10.515,2
h3,1700000070,18.996,32.747,0.0576,21.89,38.22,4.177,27
h4,1700000070,13.633,16.812,0.0981,30.0,30.37,1.567,9
leaf1,1700000070,75.184,0.1,0.0,42.02,50.44,0.1,74
leaf2,1700000070,23.053,1.927,0.0,25.22,28.94,0.1,25
spine1,1700000070,60.687,1.427,0.0112,37.51,48.83,0.1,63
spine2,1700000070,61.17,2.059,0.0,28.7,42.76,0.1,56
h1a,1700000080,8.843,12.017,0.0885,29.23,48.02,3.134,17
h1b,1700000080,30.038,20.219,0.0493,44.28,52.97,3.028,9
h1c,1700000080,6.786,7.165,0.0,18.28,25.67,0.593,21
h2,1700000080,54.859,75.611,0.112,56.73,75.31,10.428,5
h3,1700000080,17.4,35.258,0.034,30.58,36.34,4.052,28
h4,1700000080,15.53,13.784,0.0241,26.35,34.4,1.153,12
leaf1,1700000080,74.935,2.403,0.0,39.17,55.96,0.1,77
leaf2,1700000080,25.584,0.1,0.0,24.71,26.96,0.1,20
spine1,1700000080,63.702,2.785,0.0,33.77,48.82,0.1,58
spine2,1700000080,53.843,0.1,0.0,27.5,34.09,0.18,54
h1a,1700000090,10.274,10.593,0.0,30.75,32.94,1.759,13
h1b,1700000090,27.89,21.644,0.0148,46.71,58.75,3.087,5
h1c,1700000090,3.249,7.446,0.0765,21.59,18.91,0.847,24
h2,1700000090,53.938,76.894,0.034,63.46,79.89,10.996,2
h3,1700000090,19.175,32.464,0.1054,29.58,39.88,3.775,30
h4,1700000090,14.099,14.397,0.0256,29.19,28.93,1.371,11
leaf1,1700000090,69.003,4.423,0.0,39.28,52.13,0.1,74
leaf2,1700000090,25.233,1.496,0.0362,27.11,32.17,0.1,21
spine1,1700000090,60.471,1.703,0.0028,37.84,44.09,0.1,58
spine2,1700000090,58.44,1.325,0.0,28.0,36.55,0.1,57
h1a,1700000100,12.979,10.028,0.0034,30.4,44.37,2.337,16
h1b,1700000100,28.326,20.673,0.0328,44.38,63.78,3.367,9
h1c,1700000100,5.65,5.943,0.015,19.25,23.96,0.332,22
h2,1700000100,52.065,74.996,0.1,58.35,77.19,10.453,4
h3,1700000100,19.446,33.14,0.0186,23.59,37.39,3.765,31
h4,1700000100,14.188,12.583,0.027,24.45,29.24,1.156,9
leaf1,1700000100,71.604,0.1,0.0073,40.88,58.83,0.1,77
leaf2,1700000100,23.71,0.458,0.0,26.98,32.85,0.1,21
spine1,1700000100,62.498,1.742,0.0,35.83,51.78,0.1,60
spine2,1700000100,56.589,0.123,0.0177,29.72,40.39,0.1,55
h1a,1700000110,7.904,11.983,0.0,30.01,42.27,3.284,14
h1b,1700000110,25.279,20.148,0.1128,47.65,55.99,3.213,6
h1c,1700000110,5.247,7.129,0.0,18.97,26.93,1.035,20
h2,1700000110,53.234,73.888,0.1203,57.15,79.0,10.202,5
h3,1700000110,19.193,32.333,0.0177,27.22,41.68,3.875,27
h4,1700000110,13.808,12.716,0.0353,23.49,36.82,1.309,7
leaf1,1700000110,72.743,0.1,0.0,40.61,50.88,0.85,76
leaf2,1700000110,26.079,0.1,0.0807,25.04,30.86,0.1,24
spine1,1700000110,62.855,1.191,0.0,32.82,47.72,0.1,60
spine2,1700000110,56.493,0.253,0.0219,32.18,34.84,0.1,56
h1a,1700000120,11.048,9.709,0.1074,35.85,47.23,3.715,12
h1b,1700000120,27.151,17.728,0.022,41.8,48.94,4.001,7
h1c,1700000120,3.674,5.597,0.0513,19.08,24.02,1.161,22
h2,1700000120,50.839,72.149,0.0402,58.24,78.11,10.803,7
h3,1700000120,22.934,29.967,0.0541,25.33,42.04,4.829,26
h4,1700000120,9.871,13.582,0.0351,25.56,33.83,1.581,9
leaf1,1700000120,71.594,0.618,0.0254,37.98,53.35,0.712,76
leaf2,1700000120,21.464,0.504,0.0484,18.65,31.04,0.203,24
spine1,1700000120,61.159,0.231,0.0,30.21,43.02,0.215,62
spine2,1700000120,54.859,0.1,0.0031,27.57,46.45,0.1,58
h1a,1700000130,9.573,10.667,0.0157,33.19,36.88,3.372,17
h1b,1700000130,25.623,21.725,0.0175,41.32,53.12,3.955,10
h1c,1700000130,8.418,5.608,0.0177,13.27,30.96,1.604,21
h2,1700000130,51.705,72.847,0.0536,55.36,77.55,10.826,7
h3,1700000130,16.606,30.953,0.1011,30.01,43.98,5.073,26
h4,1700000130,9.452,11.61,0.0532,27.12,32.97,2.051,8
leaf1,1700000130,68.434,0.1,0.036,38.34,53.97,1.189,73
leaf2,1700000130,21.469,0.1,0.0,23.13,29.64,0.739,22
spine1,1700000130,59.796,0.1,0.0,36.99,45.92,0.825,62
spine2,1700000130,57.74,0.1,0.0051,35.51,42.42,0.948,55
h1a,1700000140,9.322,9.078,0.0459,33.56,44.36,3.551,16
h1b,1700000140,26.636,18.715,0.0742,38.1,56.85,4.881,6
h1c,1700000140,4.496,5.881,0.0399,17.97,26.41,2.787,23
h2,1700000140,49.951,73.802,0.0858,51.97,74.96,12.013,3
h3,1700000140,18.494,30.134,0.0828,25.01,40.63,5.072,31
h4,1700000140,10.181,13.232,0.0999,24.5,37.32,2.949,11
leaf1,1700000140,72.363,0.1,0.1038,39.18,56.12,0.633,76
leaf2,1700000140,24.744,0.1,0.0,26.05,29.83,0.425,25
spine1,1700000140,61.357,0.1,0.0,37.2,44.7,1.13,61
spine2,1700000140,56.994,0.1,0.0496,26.72,38.64,0.924,54
h1a,1700000150,4.88,8.663,0.1069,36.2,43.23,4.278,13
h1b,1700000150,25.728,18.087,0.033,44.3,56.49,4.694,5
h1c,1700000150,0.5,6.01,0.0008,17.9,17.56,2.377,20
h2,1700000150,51.439,70.601,0.0716,56.22,79.45,11.721,5
h3,1700000150,17.089,30.164,0.1042,30.48,30.97,5.598,28
h4,1700000150,10.484,11.922,0.0161,29.5,30.04,2.594,11
leaf1,1700000150,70.281,0.1,0.0244,37.21,49.51,0.722,74
leaf2,1700000150,21.518,0.1,0.0024,24.89,33.23,0.826,21
spine1,1700000150,62.111,0.1,0.0298,35.75,53.37,0.806,61
spine2,1700000150,56.042,0.1,0.0,24.89,42.99,1.113,54
h1a,1700000160,5.237,8.735,0.0119,32.16,43.35,4.152,17
h1b,1700000160,27.24,17.833,0.0462,42.59,57.29,4.829,5
h1c,1700000160,1.881,5.398,0.0042,16.52,31.26,2.779,22
h2,1700000160,52.572,73.929,0.0963,60.62,74.46,11.437,6
h3,1700000160,13.528,30.161,0.1458,28.94,39.32,4.916,27
h4,1700000160,10.036,14.301,0.0578,24.9,33.81,2.795,12
leaf1,1700000160,67.139,0.1,0.0,42.0,54.73,1.984,78
leaf2,1700000160,22.074,0.1,0.0087,24.04,36.71,1.267,21
spine1,1700000160,57.537,0.1,0.0,34.3,42.96,0.145,63
spine2,1700000160,56.119,0.1,0.0281,28.02,42.76,0.625,56
h1a,1700000170,5.147,8.733,0.0349,34.65,42.17,3.587,13
h1b,1700000170,24.589,19.328,0.055,44.46,57.79,4.244,10
h1c,1700000170,1.625,6.31,0.0,17.63,21.15,1.786,22
h2,1700000170,54.203,74.588,0.0975,58.13,86.13,11.022,6
h3,1700000170,13.329,32.069,0.0339,26.41,30.46,5.485,27
h4,1700000170,10.775,10.965,0.0693,21.11,38.74,2.706,8
leaf1,1700000170,70.67,0.711,0.0157,40.32,51.56,0.847,77
leaf2,1700000170,19.64,0.1,0.0006,23.77,29.42,0.739,25
spine1,1700000170,58.175,0.1,0.0,34.54,44.94,0.322,61
spine2,1700000170,52.974,0.1,0.0,32.05,44.4,0.406,53
h1a,1700000180,8.593,9.232,0.0081,30.37,44.23,2.777,13
h1b,1700000180,22.649,19.441,0.0,39.72,55.26,3.598,5
h1c,1700000180,1.299,7.664,0.0907,19.65,32.2,1.971,20
h2,1700000180,48.925,72.998,0.0405,58.74,81.93,10.178,5
h3,1700000180,16.502,31.097,0.0756,31.15,29.2,4.491,29
h4,1700000180,12.599,14.498,0.0,29.29,30.85,1.893,8
leaf1,1700000180,69.056,0.1,0.0161,41.32,50.27,0.1,78
leaf2,1700000180,24.469,0.687,0.0,22.99,27.76,0.1,25
spine1,1700000180,56.857,0.1,0.0712,37.4,44.93,0.1,59
spine2,1700000180,55.792,0.1,0.0,29.69,40.53,0.1,58
h1a,1700000190,8.091,11.809,0.0891,34.62,39.06,2.52,13
h1b,1700000190,22.515,17.467,0.0307,39.21,53.03,3.305,8
h1c,1700000190,1.297,6.931,0.0,23.73,22.75,1.772,21
h2,1700000190,50.286,75.09,0.1583,60.25,84.84,11.008,7
h3,1700000190,14.514,32.222,0.0196,31.64,40.31,4.385,27
h4,1700000190,10.306,15.116,0.0,22.19,32.81,1.382,9
leaf1,1700000190,66.479,0.1,0.0,44.88,59.64,0.1,74
leaf2,1700000190,18.952,1.218,0.0234,26.8,37.31,0.1,23
spine1,1700000190,56.689,0.1,0.0,34.48,39.86,0.475,61
spine2,1700000190,51.768,0.335,0.0,27.45,39.22,0.1,53
h1a,1700000200,5.954,17.847,0.0906,36.38,48.78,7.517,17
h1b,1700000200,27.076,24.629,0.0681,45.85,63.03,4.283,5
h1c,1700000200,0.5,13.74,0.0072,21.2,31.82,3.367,23
h2,1700000200,81.556,87.534,0.0646,76.46,93.07,13.637,7
h3,1700000200,14.788,38.321,0.0529,27.62,44.74,5.073,30
h4,1700000200,9.934,17.187,0.0805,26.82,32.25,2.06,8
leaf1,1700000200,75.429,0.46,0.0,45.6,53.72,0.1,80
leaf2,1700000200,32.246,0.1,0.0,38.08,54.97,0.1,32
spine1,1700000200,90.243,0.1,0.0,38.5,72.86,0.1,95
spine2,1700000200,57.553,3.462,0.0186,27.11,47.42,0.129,61
h1a,1700000210,7.629,19.697,0.1489,36.09,43.55,7.578,18
h1b,1700000210,27.593,25.117,0.0422,45.1,64.21,4.355,10
h1c,1700000210,2.821,15.54,0.0,20.29,25.31,2.582,21
h2,1700000210,77.308,86.244,0.1323,80.43,93.06,12.474,6
h3,1700000210,16.882,38.909,0.1148,30.03,43.2,5.629,29
h4,1700000210,8.696,19.404,0.0853,29.16,36.71,2.341,10
leaf1,1700000210,71.813,2.392,0.0228,46.63,59.43,0.1,83
leaf2,1700000210,28.68,0.452,0.0,34.48,52.57,0.1,35
spine1,1700000210,90.444,1.266,0.0,39.94,71.26,0.1,94
spine2,1700000210,56.753,0.785,0.0,32.22,47.9,0.1,61
h1a,1700000220,5.38,23.625,0.0937,35.32,44.58,6.858,18
h1b,1700000220,23.685,21.98,0.0754,49.11,66.3,4.067,5
h1c,1700000220,1.521,15.904,0.0,24.09,31.62,3.274,24
h2,1700000220,79.761,89.192,0.1105,76.79,87.73,13.313,9
h3,1700000220,13.973,42.999,0.0902,30.5,35.62,4.969,28
h4,1700000220,9.29,18.507,0.0,30.86,35.89,2.608,10
leaf1,1700000220,71.593,1.35,0.0515,44.97,61.05,0.201,82
leaf2,1700000220,32.589,2.656,0.0,35.81,55.95,0.1,35
spine1,1700000220,92.795,0.146,0.0312,36.28,76.94,0.1,94
spine2,1700000220,54.752,2.999,0.0,33.43,42.3,0.1,58
h1a,1700000230,6.908,19.272,0.0658,34.95,41.7,8.913,18
h1b,1700000230,23.759,25.221,0.0,48.2,68.28,4.712,5
h1c,1700000230,0.5,15.141,0.0,23.69,30.59,2.959,22
h2,1700000230,78.219,89.329,0.0257,79.95,93.27,13.259,6
h3,1700000230,15.605,41.307,0.0556,28.01,50.24,5.052,28
h4,1700000230,9.384,19.68,0.0099,27.67,36.21,2.499,11
leaf1,1700000230,74.802,0.524,0.0512,41.63,63.83,0.1,79
leaf2,1700000230,34.79,1.73,0.0039,37.41,48.91,0.256,35
spine1,1700000230,90.813,2.427,0.022,38.49,70.16,0.1,96
spine2,1700000230,62.089,1.097,0.0,28.98,42.84,0.1,59
h1a,1700000240,5.865,20.31,0.0402,37.05,45.69,8.028,18
h1b,1700000240,23.443,28.548,0.0185,48.52,66.4,4.384,5
h1c,1700000240,0.553,16.057,0.0317,21.32,32.02,4.109,24
h2,1700000240,79.454,89.271,0.1901,78.79,94.37,13.221,9
h3,1700000240,13.729,42.532,0.0168,30.27,40.31,5.763,28
h4,1700000240,11.021,18.875,0.0009,28.57,36.66,2.369,9
leaf1,1700000240,73.108,3.124,0.0,41.68,69.91,0.543,83
leaf2,1700000240,30.61,5.097,0.0,34.98,50.67,0.1,32
spine1,1700000240,89.098,0.822,0.0,37.06,67.55,0.1,93
spine2,1700000240,58.295,0.774,0.0044,31.87,50.41,0.417,61
h1a,1700000250,6.512,20.251,0.0317,35.47,48.56,8.301,15
h1b,1700000250,26.64,24.03,0.0915,50.7,71.29,5.977,7
h1c,1700000250,4.489,18.052,0.0327,17.34,26.25,4.963,25
h2,1700000250,76.124,90.398,0.099,80.11,90.38,14.648,7
h3,1700000250,12.336,39.665,0.0555,26.47,47.24,6.236,33
h4,1700000250,10.354,16.288,0.0,26.21,35.77,2.709,12
leaf1,1700000250,74.214,3.822,0.0424,44.52,62.96,0.461,83
leaf2,1700000250,31.552,1.725,0.0395,34.11,52.73,0.306,34
spine1,1700000250,87.113,2.234,0.0,35.48,66.3,0.479,94
spine2,1700000250,58.175,2.855,0.0,34.3,46.69,0.692,61
h1a,1700000260,4.896,22.598,0.0683,32.11,45.07,8.018,14
h1b,1700000260,27.626,25.055,0.0127,52.12,72.09,5.48,10
h1c,1700000260,2.668,16.645,0.0199,21.55,35.34,4.324,23
h2,1700000260,78.189,91.734,0.0243,78.61,88.66,14.999,5
h3,1700000260,15.049,41.608,0.0567,27.99,40.8,6.562,31
h4,1700000260,10.78,20.426,0.0227,31.26,37.39,3.315,12
leaf1,1700000260,76.951,1.135,0.0,42.31,64.24,1.285,81
leaf2,1700000260,34.296,2.168,0.0,38.88,47.66,1.073,36
spine1,1700000260,90.583,0.1,0.0,40.97,73.12,1.47,96
spine2,1700000260,57.813,2.215,0.0,33.72,44.29,0.566,61
h1a,1700000270,8.125,20.32,0.0971,34.59,57.23,7.977,16
h1b,1700000270,26.884,24.307,0.0408,41.37,65.88,5.771,7
h1c,1700000270,1.53,14.344,0.0675,19.22,34.01,4.686,24
h2,1700000270,79.872,89.543,0.0743,79.99,92.33,14.546,9
h3,1700000270,14.468,40.633,0.0904,34.0,44.47,6.059,29
h4,1700000270,12.01,20.085,0.0893,25.26,36.14,3.216,12
leaf1,1700000270,70.621,3.595,0.0329,41.23,65.52,2.163,81
leaf2,1700000270,32.492,2.337,0.0068,30.89,52.48,1.707,32
spine1,1700000270,90.384,1.346,0.0,35.11,72.16,0.956,94
spine2,1700000270,56.947,2.998,0.0,31.17,55.03,0.812,58
h1a,1700000280,5.659,20.489,0.1173,35.47,44.44,7.689,17
h1b,1700000280,28.143,22.534,0.0458,42.67,61.04,5.158,9
h1c,1700000280,0.5,14.798,0.0805,20.96,33.72,4.803,25
h2,1700000280,80.244,90.98,0.1464,84.26,86.26,14.989,9
h3,1700000280,15.582,39.737,0.0,29.94,39.3,6.591,31
h4,1700000280,8.744,16.978,0.0135,26.18,40.28,3.167,7
leaf1,1700000280,74.813,3.423,0.0,43.52,59.6,0.243,84
leaf2,1700000280,33.426,0.1,0.0,29.95,50.18,1.158,33
spine1,1700000280,96.187,3.327,0.0,38.63,76.34,0.966,94
spine2,1700000280,58.489,0.1,0.0,36.19,50.68,0.991,62
h1a,1700000290,7.385,20.196,0.154,35.01,47.12,7.132,16
h1b,1700000290,26.517,22.822,0.0,45.51,66.17,5.633,7
h1c,1700000290,4.645,15.949,0.036,18.8,27.05,3.853,21
h2,1700000290,80.12,89.503,0.0701,78.53,87.86,13.764,5
h3,1700000290,16.652,38.281,0.0677,31.98,44.1,6.057,32
h4,1700000290,12.674,17.04,0.0748,26.44,32.3,2.51,9
leaf1,1700000290,73.936,0.152,0.0392,43.09,67.91,0.147,82
leaf2,1700000290,37.646,2.524,0.0151,33.55,52.96,0.501,36
spine1,1700000290,92.418,0.1,0.0353,38.45,83.23,1.156,91
spine2,1700000290,60.907,0.792,0.0,33.93,48.91,1.087,62
h1a,1700000300,10.63,18.463,0.1288,35.0,48.48,8.063,14
h1b,1700000300,27.727,24.026,0.0047,47.19,59.7,4.697,5
h1c,1700000300,3.468,14.909,0.0,16.38,31.89,4.547,26
h2,1700000300,80.004,87.761,0.1285,85.31,88.69,14.907,5
h3,1700000300,21.53,37.759,0.1815,36.86,40.73,5.799,32
h4,1700000300,11.362,15.364,0.0319,30.28,36.81,2.871,12
leaf1,1700000300,78.106,0.1,0.0078,41.06,60.98,0.498,82
leaf2,1700000300,35.003,1.836,0.0016,36.28,53.06,0.1,35
spine1,1700000300,93.302,2.799,0.0484,37.53,70.5,0.422,95
spine2,1700000300,62.912,0.1,0.0477,30.55,41.93,0.463,59
h1a,1700000310,11.682,18.335,0.0545,35.73,47.33,7.206,18
h1b,1700000310,27.5,22.823,0.1349,41.56,70.23,4.335,5
h1c,1700000310,6.817,11.967,0.0387,16.87,31.03,3.277,26
h2,1700000310,81.857,88.629,0.0926,80.28,85.91,12.97,7
h3,1700000310,17.627,38.204,0.0246,29.72,48.89,5.427,32
h4,1700000310,12.731,15.932,0.0526,24.63,40.27,1.209,7
leaf1,1700000310,76.971,0.774,0.0483,41.89,60.95,0.1,81
leaf2,1700000310,34.913,1.462,0.0014,37.66,54.82,0.1,35
spine1,1700000310,92.631,0.521,0.0,37.56,80.94,0.511,94
spine2,1700000310,60.035,0.1,0.0101,34.47,52.31,0.1,62
h1a,1700000320,12.844,16.54,0.0897,40.98,45.13,6.663,15
h1b,1700000320,29.774,22.678,0.1178,44.03,65.29,4.131,7
h1c,1700000320,6.017,12.147,0.0808,23.09,33.11,2.397,23
h2,1700000320,82.315,88.201,0.1263,77.9,93.7,13.17,9
h3,1700000320,21.726,40.644,0.0573,27.33,44.47,5.046,31
h4,1700000320,12.977,15.936,0.0,25.96,30.01,1.143,9
leaf1,1700000320,74.594,0.1,0.0011,42.09,59.48,0.1,79
leaf2,1700000320,33.286,0.1,0.0671,36.9,49.91,0.1,32
spine1,1700000320,95.927,0.1,0.0032,41.27,72.85,0.1,94
spine2,1700000320,64.422,0.742,0.0,32.88,44.64,0.1,57
h1a,1700000330,7.937,18.276,0.071,35.96,45.8,7.18,17
h1b,1700000330,30.321,19.804,0.0825,46.64,67.14,3.432,9
h1c,1700000330,9.371,9.807,0.0131,18.77,28.24,3.269,23
h2,1700000330,81.953,87.713,0.1222,81.78,89.32,13.945,6
h3,1700000330,18.735,38.387,0.0269,27.87,43.88,5.139,30
h4,1700000330,15.154,15.115,0.0508,26.03,40.06,1.304,10
leaf1,1700000330,77.976,0.1,0.0,39.76,62.5,0.1,79
leaf2,1700000330,39.185,0.578,0.0,35.94,53.04,0.1,35
spine1,1700000330,95.883,0.1,0.0464,37.66,67.76,0.205,94
spine2,1700000330,61.809,0.363,0.0,35.34,44.86,0.1,57
h1a,1700000340,11.305,19.615,0.0862,34.81,50.33,6.565,18
h1b,1700000340,27.388,21.896,0.0442,50.1,64.78,3.482,5
h1c,1700000340,3.331,11.923,0.0,17.91,35.9,2.854,24
h2,1700000340,79.393,86.213,0.0522,84.14,86.34,13.256,4
h3,1700000340,20.189,37.803,0.0526,28.94,39.9,4.732,33
h4,1700000340,12.938,13.72,0.0313,21.59,37.16,1.764,9
leaf1,1700000340,77.777,0.1,0.0,47.51,57.33,0.387,80
leaf2,1700000340,34.066,0.1,0.0,31.63,55.57,0.1,37
spine1,1700000340,96.284,0.1,0.0214,37.58,69.25,0.439,92
spine2,1700000340,60.142,0.1,0.0,33.71,45.13,0.1,61
h1a,1700000350,11.134,16.899,0.1125,32.71,45.81,7.225,18
h1b,1700000350,30.288,22.543,0.0687,49.15,68.58,4.389,8
h1c,1700000350,5.152,10.764,0.0129,17.34,29.07,2.694,24
h2,1700000350,81.27,86.048,0.0986,78.41,91.29,12.953,4
h3,1700000350,16.592,36.135,0.0277,29.69,43.88,5.546,33
h4,1700000350,15.478,13.603,0.0,25.5,34.06,1.69,9
leaf1,1700000350,78.435,0.1,0.0317,39.67,60.84,0.283,80
leaf2,1700000350,34.614,0.1,0.0523,36.8,50.59,0.1,32
spine1,1700000350,95.687,0.512,0.0,36.44,73.51,0.237,94
spine2,1700000350,61.901,0.1,0.0,32.39,47.23,0.1,60
h1a,1700000360,12.62,17.912,0.1004,35.72,50.33,6.895,17
h1b,1700000360,29.401,20.878,0.0,46.64,64.13,4.948,9
h1c,1700000360,9.146,11.804,0.0266,21.37,27.57,3.863,24
h2,1700000360,80.14,85.96,0.0584,80.13,88.72,13.941,8
h3,1700000360,20.422,36.2,0.07,29.59,42.47,5.267,31
h4,1700000360,16.969,16.164,0.0298,25.98,41.45,2.43,9
leaf1,1700000360,76.124,0.1,0.0,42.01,58.37,0.426,84
leaf2,1700000360,37.484,0.1,0.0165,36.29,54.43,0.965,36
spine1,1700000360,94.187,0.1,0.028,41.11,75.35,0.1,95
spine2,1700000360,62.609,0.1,0.0252,33.84,47.8,0.817,61
h1a,1700000370,14.2,17.306,0.1879,31.82,47.96,8.085,14
h1b,1700000370,30.572,24.036,0.0734,42.71,64.31,4.849,9
h1c,1700000370,4.562,10.422,0.0238,20.14,31.3,3.662,24
h2,1700000370,81.64,86.949,0.1416,79.11,94.17,14.37,4
h3,1700000370,22.137,35.777,0.1541,33.94,39.74,5.697,28
h4,1700000370,14.879,13.905,0.1027,27.15,34.53,2.844,9
leaf1,1700000370,79.352,0.1,0.0,41.89,60.96,0.645,84
leaf2,1700000370,35.965,0.525,0.0459,33.61,57.05,0.225,33
spine1,1700000370,95.984,0.1,0.0132,36.86,73.81,0.402,96
spine2,1700000370,60.462,0.1,0.0,28.97,46.57,0.845,58
h1a,1700000380,12.042,19.232,0.0576,39.28,47.25,9.114,18
h1b,1700000380,31.597,23.01,0.0887,48.02,62.35,5.504,5
h1c,1700000380,5.154,9.983,0.0768,19.25,30.54,4.726,24
h2,1700000380,85.846,88.599,0.1367,81.49,90.15,15.147,5
h3,1700000380,18.062,36.48,0.1117,31.58,41.71,6.3,30
h4,1700000380,13.93,13.799,0.0534,30.18,34.93,2.394,7
leaf1,1700000380,82.619,0.1,0.018,46.85,66.13,1.504,80
leaf2,1700000380,39.181,0.1,0.0315,35.81,56.33,1.241,37
spine1,1700000380,94.248,0.639,0.0,36.64,69.95,1.453,91
spine2,1700000380,64.307,0.1,0.0038,32.01,47.45,0.848,60
h1a,1700000390,10.571,18.342,0.0835,35.39,44.78,8.907,16
h1b,1700000390,31.954,21.85,0.0011,49.28,66.81,4.673,5
h1c,1700000390,6.827,12.616,0.0341,20.15,35.38,4.982,25
h2,1700000390,82.332,89.789,0.1107,77.43,87.11,15.21,8
h3,1700000390,18.575,37.739,0.0473,33.02,45.16,7.256,32
h4,1700000390,13.148,17.377,0.0343,24.47,35.74,2.962,10
leaf1,1700000390,81.416,0.424,0.0193,42.01,60.93,1.023,82
leaf2,1700000390,36.307,0.301,0.0797,30.78,50.13,1.062,35
spine1,1700000390,96.165,0.1,0.0463,40.63,70.69,1.396,92
spine2,1700000390,61.814,1.524,0.0006,35.79,45.08,0.734,62
h1a,1700000400,11.115,57.632,0.2217,35.75,55.89,30.338,15
h1b,1700000400,34.896,29.811,0.0624,52.01,75.32,5.478,10
h1c,1700000400,5.899,38.148,0.092,21.2,34.99,15.186,25
h2,1700000400,99.348,110.786,0.1744,99.0,99.0,17.132,10
h3,1700000400,20.135,46.601,0.0617,35.37,48.12,7.04,29
h4,1700000400,13.778,20.037,0.0302,29.95,42.95,3.98,8
leaf1,1700000400,83.559,3.268,0.0,46.57,70.01,0.899,83
leaf2,1700000400,44.4,0.1,0.0,41.75,74.56,0.776,43
spine1,1700000400,116.927,0.1,0.0159,41.68,97.72,1.165,117
spine2,1700000400,66.823,1.037,0.0,34.1,53.1,1.006,60
h1a,1700000410,10.991,57.737,0.1912,34.88,52.25,29.655,17
h1b,1700000410,33.106,29.424,0.1548,49.12,76.01,6.277,5
h1c,1700000410,9.193,38.341,0.0423,20.76,26.68,15.898,22
h2,1700000410,99.831,108.614,0.1044,97.86,99.0,16.602,10
h3,1700000410,21.228,48.21,0.0773,35.21,50.35,6.47,34
h4,1700000410,13.377,22.026,0.0461,36.64,46.18,3.73,8
leaf1,1700000410,79.198,0.519,0.0037,45.57,75.2,0.448,83
leaf2,1700000410,46.542,3.396,0.0494,43.47,68.46,0.232,40
spine1,1700000410,117.71,0.862,0.0,41.74,99.0,0.401,117
spine2,1700000410,62.344,1.3,0.0,39.63,51.03,0.398,62
h1a,1700000420,8.374,57.736,0.2494,39.59,52.96,29.244,13
h1b,1700000420,33.328,27.069,0.1015,54.15,70.81,6.03,10
h1c,1700000420,7.49,40.861,0.1177,20.75,35.6,14.715,27
h2,1700000420,100.423,110.027,0.1927,97.12,99.0,16.383,8
h3,1700000420,23.432,49.761,0.0211,34.68,45.2,6.67,32
h4,1700000420,14.483,22.096,0.0487,32.55,42.93,2.741,12
leaf1,1700000420,80.4,1.458,0.0183,45.29,72.62,0.608,84
leaf2,1700000420,43.256,1.869,0.0,47.41,75.97,1.171,43
spine1,1700000420,117.273,2.089,0.0,41.84,92.43,0.1,114
spine2,1700000420,61.702,1.891,0.0105,34.53,52.26,0.1,65
h1a,1700000430,15.245,59.99,0.1669,38.16,61.94,29.037,13
h1b,1700000430,30.415,31.348,0.0,49.81,73.76,4.546,6
h1c,1700000430,0.5,38.892,0.0325,25.01,35.44,14.307,23
h2,1700000430,98.132,109.012,0.1019,94.52,99.0,15.99,9
h3,1700000430,16.963,48.705,0.1248,39.92,51.64,5.945,31
h4,1700000430,13.673,22.054,0.0872,31.85,46.2,2.469,10
leaf1,1700000430,83.251,2.042,0.0,49.63,62.71,0.129,86
leaf2,1700000430,42.635,2.894,0.0532,43.55,78.28,0.1,42
spine1,1700000430,114.289,0.73,0.0,41.34,99.0,0.1,116
spine2,1700000430,63.948,2.499,0.0366,33.38,46.91,0.1,60
h1a,1700000440,12.275,58.552,0.2974,37.04,53.26,29.273,14
h1b,1700000440,27.785,32.063,0.0438,52.24,79.69,4.938,9
h1c,1700000440,0.5,43.14,0.114,21.1,26.97,13.487,26
h2,1700000440,100.782,111.986,0.1508,99.0,99.0,15.292,7
h3,1700000440,20.448,51.734,0.1331,35.12,43.95,5.327,32
h4,1700000440,14.181,22.071,0.0233,28.5,43.53,1.498,8
leaf1,1700000440,81.308,2.152,0.0375,46.3,72.79,0.1,83
leaf2,1700000440,45.649,1.998,0.0,44.38,68.95,0.1,45
spine1,1700000440,116.77,1.75,0.0434,44.2,99.0,0.1,115
spine2,1700000440,63.617,2.395,0.0,34.07,54.48,0.1,62
h1a,1700000450,11.242,57.835,0.1811,40.46,49.56,28.373,13
h1b,1700000450,30.362,31.284,0.0735,54.33,73.25,4.187,7
h1c,1700000450,3.149,39.947,0.1369,22.66,29.41,13.777,22
h2,1700000450,98.62,111.522,0.1142,99.0,99.0,15.323,5
h3,1700000450,18.766,51.299,0.1246,32.63,53.23,6.325,32
h4,1700000450,9.788,22.221,0.0784,32.38,45.14,2.776,10
leaf1,1700000450,82.214,3.562,0.0,49.3,71.71,0.1,83
leaf2,1700000450,43.053,1.92,0.085,45.71,75.15,0.1,44
spine1,1700000450,112.996,3.515,0.0816,40.3,97.84,0.1,117
spine2,1700000450,59.753,3.826,0.0127,32.21,51.33,0.1,63
h1a,1700000460,11.14,57.651,0.2095,35.82,56.77,29.209,14
h1b,1700000460,29.894,30.484,0.057,52.33,75.6,4.974,10
h1c,1700000460,0.5,42.34,0.0511,17.84,32.9,14.906,22
h2,1700000460,101.281,111.257,0.0558,98.18,94.65,15.477,5
h3,1700000460,18.133,47.93,0.0384,32.67,46.94,6.083,33
h4,1700000460,7.867,20.47,0.0515,31.38,43.37,1.429,12
leaf1,1700000460,78.67,2.858,0.0,49.18,75.61,0.1,85
leaf2,1700000460,40.536,1.904,0.0,45.39,72.57,0.1,44
spine1,1700000460,114.891,2.481,0.0,42.02,99.0,0.1,114
spine2,1700000460,61.668,0.366,0.0315,36.58,42.21,0.1,64
h1a,1700000470,9.945,58.447,0.2485,37.18,48.11,29.328,14
h1b,1700000470,24.645,31.407,0.0123,52.32,70.87,5.184,5
h1c,1700000470,1.884,40.389,0.0862,24.0,37.78,14.908,26
h2,1700000470,99.982,110.348,0.1684,95.63,99.0,16.322,7
h3,1700000470,16.658,48.385,0.1009,30.39,47.45,6.105,29
h4,1700000470,11.519,23.145,0.0,32.79,37.87,2.493,10
leaf1,1700000470,77.874,1.826,0.0,47.51,68.19,0.305,84
leaf2,1700000470,39.929,4.178,0.0382,40.05,74.48,0.1,42
spine1,1700000470,116.876,0.208,0.0,44.93,97.69,0.1,114
spine2,1700000470,60.974,2.552,0.0,32.97,58.33,0.1,62
h1a,1700000480,6.391,57.273,0.2076,40.56,52.43,29.888,18
h1b,1700000480,25.415,29.841,0.0466,50.59,83.36,5.62,7
h1c,1700000480,0.5,39.451,0.0916,24.96,30.13,14.761,24
h2,1700000480,96.099,107.964,0.1261,99.0,99.0,16.069,6
h3,1700000480,15.284,48.812,0.1537,34.76,49.95,6.282,31
h4,1700000480,9.748,19.619,0.0,23.52,42.02,3.228,11
leaf1,1700000480,77.325,1.913,0.0129,43.01,78.1,0.493,87
leaf2,1700000480,42.271,3.548,0.009,46.38,77.18,0.1,45
spine1,1700000480,115.704,3.671,0.0,37.48,99.0,0.682,114
spine2,1700000480,62.582,0.1,0.0063,37.12,51.57,0.565,65
h1a,1700000490,7.565,56.71,0.2318,41.02,54.82,29.477,18
h1b,1700000490,23.779,28.11,0.1264,53.01,67.2,6.022,8
h1c,1700000490,0.5,39.325,0.1197,20.2,36.48,15.102,26
h2,1700000490,102.117,107.108,0.18,99.0,99.0,16.829,7
h3,1700000490,15.459,47.857,0.0772,32.86,47.77,7.73,30
h4,1700000490,9.634,20.531,0.0515,26.44,44.81,3.522,11
leaf1,1700000490,78.054,0.75,0.0171,47.95,70.05,1.57,83
leaf2,1700000490,44.029,0.294,0.0,41.54,73.18,1.495,43
spine1,1700000490,113.144,0.1,0.0736,41.15,98.19,1.223,118
spine2,1700000490,57.211,0.537,0.0497,33.33,44.44,0.66,65
h1a,1700000500,4.743,59.357,0.2176,40.19,59.9,29.846,16
h1b,1700000500,28.489,29.103,0.0782,50.58,78.35,6.382,5
h1c,1700000500,0.5,40.294,0.1836,22.43,33.12,15.907,22
h2,1700000500,97.206,108.541,0.1897,99.0,99.0,17.032,8
h3,1700000500,14.261,48.882,0.057,33.27,46.97,6.822,31
h4,1700000500,9.535,20.564,0.0,30.24,41.13,3.108,8
leaf1,1700000500,76.36,0.1,0.0271,48.98,68.6,1.009,82
leaf2,1700000500,39.63,1.53,0.0,39.67,68.16,1.702,41
spine1,1700000500,109.201,2.21,0.0,41.76,99.0,1.356,113
spine2,1700000500,62.341,0.1,0.0,35.31,56.89,1.006,61
h1a,1700000510,5.437,55.6,0.265,38.66,58.58,30.467,13
h1b,1700000510,28.022,27.536,0.032,48.38,79.34,6.944,5
h1c,1700000510,2.558,38.484,0.0825,19.46,40.15,14.907,24
h2,1700000510,98.037,107.827,0.1406,98.3,95.12,17.678,7
h3,1700000510,17.115,45.717,0.0383,33.4,50.24,7.301,30
h4,1700000510,9.845,19.35,0.0583,30.16,38.2,3.881,12
leaf1,1700000510,75.942,0.1,0.0006,47.6,71.84,1.347,86
leaf2,1700000510,39.364,0.1,0.0404,44.61,71.73,0.914,42
spine1,1700000510,110.333,0.1,0.0,45.59,96.45,1.104,115
spine2,1700000510,62.144,0.1,0.0,37.4,53.56,1.522,61
h1a,1700000520,6.252,54.781,0.2044,35.87,56.37,30.735,17
h1b,1700000520,29.328,28.521,0.0937,54.79,78.46,5.669,5
h1c,1700000520,1.483,36.887,0.0883,23.0,28.86,15.391,25
h2,1700000520,96.272,108.194,0.061,99.0,95.87,17.225,8
h3,1700000520,13.554,49.877,0.0795,32.57,47.86,7.414,33
h4,1700000520,10.73,19.243,0.0,28.56,40.84,3.954,9
leaf1,1700000520,76.454,0.1,0.033,44.96,70.18,0.496,83
leaf2,1700000520,42.408,0.1,0.0,45.59,71.52,0.818,45
spine1,1700000520,112.219,0.1,0.0,42.92,99.0,1.098,118
spine2,1700000520,60.603,0.1,0.0172,34.81,50.29,1.054,62
h1a,1700000530,5.664,55.248,0.2702,37.88,46.6,30.026,18
h1b,1700000530,25.304,29.262,0.105,51.76,73.4,5.843,8
h1c,1700000530,0.5,37.967,0.001,21.07,38.99,15.138,26
h2,1700000530,100.513,106.387,0.0831,99.0,99.0,16.561,9
h3,1700000530,17.12,48.35,0.1263,35.26,46.22,6.842,32
h4,1700000530,7.792,19.648,0.0256,28.91,39.67,3.431,10
leaf1,1700000530,76.904,0.348,0.0497,41.54,69.29,1.313,87
leaf2,1700000530,42.766,0.708,0.0,43.22,71.83,0.286,42
spine1,1700000530,111.593,0.1,0.0,45.23,99.0,0.1,115
spine2,1700000530,57.337,0.1,0.0,36.01,50.83,0.504,65
h1a,1700000540,5.994,53.747,0.2728,37.03,55.11,29.148,13
h1b,1700000540,26.599,27.249,0.0872,53.69,76.04,6.257,6
h1c,1700000540,4.293,37.1,0.1127,21.95,33.79,14.456,26
h2,1700000540,100.696,107.482,0.1949,99.0,99.0,15.481,10
h3,1700000540,14.626,45.187,0.0085,32.73,46.85,6.08,29
h4,1700000540,11.648,18.059,0.1414,28.85,40.54,3.28,8
leaf1,1700000540,76.305,0.1,0.0,40.97,65.22,0.1,86
leaf2,1700000540,37.391,0.1,0.0,38.9,67.72,0.1,45
spine1,1700000540,111.901,0.1,0.0,43.32,99.0,0.1,118
spine2,1700000540,58.28,0.1,0.0,32.24,51.69,0.565,65
h1a,1700000550,6.613,54.726,0.2541,40.75,60.19,29.332,17
h1b,1700000550,28.057,26.353,0.0633,47.68,79.16,5.501,9
h1c,1700000550,2.005,37.951,0.1472,22.47,29.53,14.57,22
h2,1700000550,95.493,108.968,0.1119,97.84,99.0,16.824,9
h3,1700000550,9.952,45.279,0.1301,26.74,53.84,6.293,32
h4,1700000550,10.421,20.217,0.0623,29.77,49.3,2.619,11
leaf1,1700000550,76.627,0.1,0.0,45.73,72.34,0.47,85
leaf2,1700000550,41.484,0.1,0.0,44.48,72.21,0.1,43
spine1,1700000550,112.987,0.1,0.0539,37.66,98.91,0.1,118
spine2,1700000550,59.254,0.1,0.0016,32.26,46.38,0.1,61
h1a,1700000560,7.592,53.779,0.2956,37.41,54.69,29.112,15
h1b,1700000560,28.204,27.398,0.0641,52.45,80.11,5.249,7
h1c,1700000560,0.5,38.009,0.0752,22.47,31.93,14.156,22
h2,1700000560,96.407,105.745,0.1325,96.44,99.0,15.439,9
h3,1700000560,18.709,47.443,0.0744,34.05,49.0,5.54,32
h4,1700000560,10.769,18.318,0.0519,32.15,42.11,1.405,12
leaf1,1700000560,78.275,0.1,0.0478,46.36,71.69,0.1,87
leaf2,1700000560,39.526,0.1,0.0,38.63,73.81,0.326,45
spine1,1700000560,117.086,0.1,0.0,43.35,99.0,0.465,115
spine2,1700000560,58.155,0.1,0.0,35.57,49.42,0.1,60
h1a,1700000570,9.588,56.924,0.2218,38.6,52.55,27.425,17
h1b,1700000570,25.704,27.909,0.047,51.64,78.83,5.196,8
h1c,1700000570,4.1,37.206,0.0901,19.63,32.99,14.068,23
h2,1700000570,97.557,108.49,0.1051,98.33,98.5,15.219,7
h3,1700000570,18.222,43.562,0.0967,34.93,49.87,5.244,34
h4,1700000570,7.788,19.741,0.0794,33.72,45.05,1.702,10
leaf1,1700000570,75.847,0.202,0.0236,48.08,70.1,0.1,83
leaf2,1700000570,38.558,0.1,0.0,42.88,73.21,0.242,41
spine1,1700000570,113.019,0.613,0.0,46.28,99.0,0.1,118
spine2,1700000570,57.607,1.076,0.0,34.35,51.45,0.1,64
h1a,1700000580,7.866,55.152,0.1874,39.6,49.19,29.033,18
h1b,1700000580,28.687,31.029,0.1111,50.31,74.33,4.711,6
h1c,1700000580,4.827,40.582,0.0475,15.72,32.92,13.569,24
h2,1700000580,101.773,108.202,0.1341,99.0,99.0,16.179,9
h3,1700000580,18.489,46.17,0.0365,33.56,58.05,6.29,31
h4,1700000580,15.184,21.148,0.0149,29.19,42.01,1.594,12
leaf1,1700000580,75.853,0.1,0.0,45.16,70.62,0.1,84
leaf2,1700000580,34.894,0.1,0.0,43.75,70.34,0.1,44
spine1,1700000580,114.505,0.1,0.0447,43.57,99.0,0.1,114
spine2,1700000580,62.057,0.1,0.0,31.91,50.16,0.1,64
h1a,1700000590,10.564,57.82,0.181,39.38,50.31,28.711,14
h1b,1700000590,31.124,28.863,0.0806,53.73,78.66,5.351,5
h1c,1700000590,5.478,40.791,0.0634,20.97,38.17,14.211,27
h2,1700000590,98.859,105.988,0.1569,99.0,99.0,15.6,8
h3,1700000590,19.183,49.278,0.0224,30.41,49.59,6.031,34
h4,1700000590,10.822,19.694,0.0006,25.48,41.15,2.326,11
leaf1,1700000590,82.299,0.272,0.0,47.87,67.57,0.1,83
leaf2,1700000590,42.379,1.074,0.0,41.77,72.79,0.621,45
spine1,1700000590,115.887,1.43,0.0,44.03,99.0,0.1,116
spine2,1700000590,62.89,0.1,0.0,37.97,47.71,0.483,64